mm,Nationality,Educational Stages ,Grade Levels,Section ID,Topic,Semester,Parent responsible for student,Raised hand,Visited resources,Viewing announcements,Discussion groups,Parent Answering Survey,ParentschoolSatisfaction,StudentAbsenceDays,Total Marks
Male,India,HighSchool,G-12,A,IT,First,Father,15,16,2,20,Yes,Good,Under-7,75
Male,India,HighSchool,G-12,A,IT,First,Father,20,20,3,25,Yes,Good,Under-7,82
Male,India,HighSchool,G-12,A,IT,First,Father,10,7,0,30,No,Bad,Above-7,60
Male,India,HighSchool,G-12,A,IT,First,Father,30,25,5,35,No,Bad,Above-7,67
Male,India,HighSchool,G-12,A,IT,First,Father,40,50,12,50,No,Bad,Above-7,85
Female,India,HighSchool,G-12,A,IT,First,Father,42,30,13,70,Yes,Bad,Above-7,87
Male,India,HighSchool,G-12,A,Math,First,Father,35,12,0,17,No,Bad,Above-7,55
Male,India,HighSchool,G-12,A,Math,First,Father,50,10,15,22,Yes,Good,Under-7,80
Female,India,HighSchool,G-12,A,Math,First,Father,12,21,16,50,Yes,Good,Under-7,84
Female,India,HighSchool,G-12,B,IT,First,Father,70,80,25,70,Yes,Good,Under-7,79
Male,India,HighSchool,G-12,A,Math,First,Father,50,88,30,80,Yes,Good,Under-7,90
Male,India,HighSchool,G-12,B,Math,First,Father,19,6,19,12,Yes,Good,Under-7,78
Male,India,HighSchool,G-12,A,IT,First,Father,5,1,0,11,No,Bad,Above-7,57
Male,India,HighSchool,G-12,A,Math,First,Father,20,14,12,19,No,Bad,Above-7,60
Female,India,HighSchool,G-12,A,Math,First,mom,62,70,44,60,No,Bad,Above-7,95
Female,India,HighSchool,G-12,A,IT,First,Father,30,40,22,66,Yes,Good,Under-7,80
Male,India,HighSchool,G-12,B,IT,First,Father,36,30,20,80,No,Bad,Above-7,88
Male,India,HighSchool,G-12,A,Math,First,Father,55,13,35,90,No,Bad,Above-7,79
Female,India,HighSchool,G-12,A,IT,First,mom,69,15,36,96,Yes,Good,Under-7,89
Male,India,HighSchool,G-12,B,IT,First,mom,70,50,40,99,Yes,Good,Under-7,97
Female,India,HighSchool,G-12,A,IT,First,Father,60,60,33,90,No,Bad,Above-7,82
Female,India,HighSchool,G-12,B,IT,First,Father,10,12,4,80,No,Bad,Under-7,79
Male,India,HighSchool,G-12,A,IT,First,Father,15,21,2,90,No,Bad,Under-7,87
Male,India,HighSchool,G-12,A,IT,First,Father,2,0,2,50,No,Bad,Above-7,60
Male,India,HighSchool,G-12,B,IT,First,Father,0,2,3,70,Yes,Good,Above-7,57
Male,India,HighSchool,G-12,A,IT,First,Father,8,7,30,40,Yes,Good,Above-7,66
Male,India,HighSchool,G-12,B,IT,First,Father,19,19,25,40,Yes,Bad,Under-7,89
Male,India,HighSchool,G-12,A,Arabic,First,Father,25,15,12,33,No,Bad,Above-7,51
Male,India,HighSchool,G-12,A,Science,First,Father,75,85,52,43,Yes,Good,Under-7,87
Female,India,HighSchool,G-12,A,Arabic,First,Father,30,90,33,35,No,Bad,Under-7,84
Female,India,HighSchool,G-12,A,Arabic,First,Father,35,80,50,70,Yes,Good,Under-7,99
Male,India,HighSchool,G-12,A,IT,First,Father,4,5,40,16,Yes,Good,Above-7,60
Female,India,HighSchool,G-12,A,IT,First,Father,2,19,10,50,Yes,Good,Above-7,57
Male,India,HighSchool,G-12,A,English,First,Father,8,22,9,40,No,Bad,Above-7,51
Male,India,HighSchool,G-12,B,Science,First,Father,12,11,8,40,No,Bad,Above-7,67
Male,India,HighSchool,G-12,A,English,First,Father,10,12,17,30,No,Bad,Above-7,65
Male,India,HighSchool,G-12,B,Science,First,mom,8,6,4,22,Yes,Good,Above-7,56
Female,India,HighSchool,G-12,A,IT,First,Father,45,54,26,90,Yes,Good,Under-7,83
Male,India,HighSchool,G-12,A,IT,First,Father,0,0,0,4,No,Bad,Above-7,50
Female,India,HighSchool,G-12,B,Science,First,Father,50,90,37,70,Yes,Good,Under-7,84
Female,India,HighSchool,G-12,A,IT,First,Father,14,13,3,70,No,Bad,Above-7,52
Male,India,HighSchool,G-12,A,IT,First,Father,19,20,16,50,No,Good,Under-7,86
Male,India,HighSchool,G-12,A,IT,First,Father,10,12,7,33,Yes,Good,Above-7,57
Female,India,HighSchool,G-12,A,IT,First,Father,30,35,28,90,Yes,Good,Under-7,89
Female,India,HighSchool,G-12,A,IT,First,Father,33,33,30,90,No,Bad,Under-7,86
Male,India,HighSchool,G-12,A,Quran,First,Father,20,12,15,70,No,Good,Above-7,56
Male,India,HighSchool,G-12,A,English,First,Father,7,10,1,30,No,Bad,Above-7,54
Female,India,HighSchool,G-12,A,English,First,mom,70,4,39,90,Yes,Good,Under-7,93
Female,India,HighSchool,G-12,A,English,First,mom,13,80,40,88,Yes,Good,Under-7,97
Female,India,HighSchool,G-12,A,English,First,Father,29,39,50,77,Yes,Good,Under-7,82
Female,India,HighSchool,G-12,A,English,First,Father,20,14,12,70,No,Bad,Above-7,59
Male,India,HighSchool,G-12,A,English,First,Father,39,15,16,50,No,Good,Above-7,67
Female,India,HighSchool,G-12,A,English,First,Father,55,90,16,40,No,Bad,Under-7,87
Female,India,HighSchool,G-12,A,Science,First,mom,49,70,19,75,Yes,Good,Under-7,95
Male,India,HighSchool,G-12,A,English,First,mom,12,50,8,30,No,Bad,Above-7,56
Male,India,HighSchool,G-12,A,Math,First,Father,16,14,6,20,Yes,Good,Above-7,63
Male,India,HighSchool,G-12,B,Math,First,Father,19,5,4,1,Yes,Good,Above-7,67
Male,India,HighSchool,G-12,A,Math,First,Father,5,2,6,5,Yes,Good,Above-7,53
Male,India,HighSchool,G-12,A,Math,First,Father,28,60,19,50,Yes,Good,Under-7,82
Female,India,HighSchool,G-12,A,Math,First,Father,27,22,22,40,No,Good,Under-7,79
Female,India,HighSchool,G-12,A,English,First,mom,21,10,28,20,No,Good,Above-7,57
Male,India,HighSchool,G-12,A,IT,First,Father,50,70,32,40,Yes,Good,Under-7,88
Male,India,HighSchool,G-12,A,IT,First,mom,80,90,70,80,Yes,Good,Under-7,96
Male,India,HighSchool,G-12,A,IT,First,Father,17,13,16,12,Yes,Bad,Under-7,80
Male,India,HighSchool,G-12,A,IT,First,Father,0,5,7,2,No,Bad,Above-7,57
Male,India,HighSchool,G-12,A,English,First,Father,13,5,18,19,No,Bad,Above-7,60
Female,India,HighSchool,G-12,A,English,First,Father,25,10,19,30,No,Bad,Above-7,82
Female,India,HighSchool,G-12,A,English,First,mom,65,75,23,80,Yes,Good,Under-7,100
Female,India,HighSchool,G-12,A,IT,First,mom,70,69,35,30,Yes,Good,Under-7,94
Male,India,HighSchool,G-12,A,IT,First,Father,39,40,11,33,No,Bad,Under-7,87
"Male,",India,HighSchool,G-12,A,IT,First,Father,22,30,10,12,Yes,Good,Above-7,61
"Male,",India,HighSchool,G-12,A,IT,First,Father,29,22,9,20,Yes,Good,Under-7,87
Male,India,HighSchool,G-12,A,Math,First,Father,11,2,2,8,No,Bad,Under-7,50
"Female,",India,HighSchool,G-12,A,English,First,Father,19,30,26,19,Yes,Bad,Above-7,83
"Male,",India,HighSchool,G-12,B,IT,First,Father,12,0,6,13,No,Bad,Under-7,60
"Male,",India,HighSchool,G-12,A,Quran,First,mom,50,90,29,60,Yes,Good,Under-7,88
"Male,",India,HighSchool,G-12,A,IT,First,mom,15,70,37,44,Yes,Good,Under-7,79
Male,India,HighSchool,G-12,A,IT,First,Father,20,80,33,33,Yes,Good,Under-7,81
"Male,",India,HighSchool,G-12,A,Quran,First,Father,13,3,11,9,No,Bad,Above-7,52
Female,India,HighSchool,G-12,B,Math,First,mom,80,90,49,55,Yes,Bad,Under-7,94
Male,India,HighSchool,G-12,A,Math,First,Father,8,15,10,40,Yes,Bad,Under-7,61
Male,India,HighSchool,G-12,A,IT,First,Father,8,25,1,70,No,Bad,Above-7,59
"Male,",India,HighSchool,G-12,B,IT,First,Father,7,5,2,80,Yes,Good,Above-7,67
"Male,",India,HighSchool,G-12,B,IT,First,Father,7,4,10,50,No,Good,Above-7,81
"Male,",India,HighSchool,G-12,B,IT,First,Father,50,70,50,10,Yes,Good,Above-7,94
"Male,",India,HighSchool,G-12,B,IT,First,Father,1,0,1,12,No,Bad,Above-7,54
"Male,",India,HighSchool,G-12,B,IT,First,Father,70,12,40,50,Yes,Good,Under-7,98
"Male,",India,HighSchool,G-12,B,IT,First,Father,19,70,3,50,No,Bad,Under-7,61
"Female,",India,HighSchool,G-12,B,IT,First,Father,3,12,4,33,No,Bad,Under-7,59
"Male,",India,HighSchool,G-12,B,IT,First,Father,5,20,1,50,Yes,Good,Above-7,55
"Male,",India,HighSchool,G-12,B,IT,First,Father,4,8,10,60,Yes,Good,Above-7,60
"Male,",India,HighSchool,G-12,B,IT,First,Father,80,90,55,19,Yes,Good,Under-7,90
"Female,",India,HighSchool,G-12,B,IT,First,Father,50,70,19,15,Yes,Good,Under-7,97
Male,India,HighSchool,G-12,B,IT,First,Father,55,89,40,40,Yes,Good,Under-7,100
Female,India,HighSchool,G-12,B,IT,First,Father,80,44,35,10,No,Good,Above-7,53
Female,India,HighSchool,G-12,B,IT,First,Father,100,80,2,70,No,Bad,Under-7,99
Female,India,HighSchool,G-12,C,IT,First,Father,14,60,11,75,Yes,Good,Under-7,92
Female,India,HighSchool,G-12,B,IT,First,Father,6,2,38,12,No,Bad,Under-7,88
Female,India,HighSchool,G-12,C,IT,First,Father,10,3,0,30,No,Bad,Under-7,77
Male,India,HighSchool,G-12,B,IT,First,Father,50,7,9,50,Yes,Bad,Above-7,79
"Male,",India,HighSchool,G-12,B,IT,First,Father,50,90,40,90,Yes,Bad,Under-7,80
"Female,",India,HighSchool,G-12,B,IT,First,mom,70,92,50,7,Yes,Good,Under-7,97
"Female,",India,HighSchool,G-12,B,IT,First,Father,2,6,2,8,No,Bad,Above-7,52
"Male,",India,HighSchool,G-12,B,IT,First,Father,1,7,6,10,No,Bad,Above-7,63
"Male,",India,HighSchool,G-12,B,IT,First,Father,0,12,3,3,Yes,Good,Above-7,81
"Female,",India,HighSchool,G-12,B,IT,First,Father,0,0,5,80,Yes,Good,Above-7,54
"Female,",India,HighSchool,G-12,B,IT,First,Father,12,26,7,40,Yes,Good,Under-7,84
"Male,",India,HighSchool,G-12,B,IT,First,Father,70,90,41,33,Yes,Bad,Under-7,99
"Male,",India,HighSchool,G-12,B,IT,First,Father,7,12,5,3,No,Bad,Above-7,80
"Male,",India,HighSchool,G-12,B,IT,First,Father,90,70,30,14,No,Bad,Under-7,84
"Female,",India,HighSchool,G-12,B,IT,First,mom,70,88,55,40,Yes,Good,Under-7,98
"Male,",India,HighSchool,G-12,C,IT,First,Father,77,80,51,80,No,Good,Under-7,81
"Male,",India,HighSchool,G-12,B,IT,First,Father,2,5,3,50,No,Bad,Above-7,57
"Male,",India,HighSchool,G-12,B,IT,First,Father,25,27,0,69,No,Bad,Above-7,67
Male,India,HighSchool,G-12,B,IT,First,Father,11,2,0,50,No,Bad,Above-7,60
"Male,",India,HighSchool,G-12,B,IT,First,Father,0,8,11,70,Yes,Good,Above-7,53
"Female,",India,HighSchool,G-12,C,IT,First,mom,77,80,12,19,Yes,Good,Above-7,87
"Female,",India,HighSchool,G-12,C,IT,First,mom,25,29,40,17,No,Good,Under-7,95
"Female,",India,HighSchool,G-12,C,IT,First,mom,24,35,23,22,Yes,Good,Above-7,83
"Male,",India,HighSchool,G-12,C,IT,First,Father,60,60,3,60,No,Bad,Under-7,89
"Male,",India,HighSchool,G-12,C,IT,First,mom,21,12,0,50,Yes,Good,Under-7,77
"Male,",India,HighSchool,G-12,C,IT,First,mom,0,4,8,30,No,Bad,Above-7,53
Female,India,HighSchool,G-12,B,IT,First,Father,66,90,55,12,Yes,Good,Above-7,75
"Female,",India,HighSchool,G-12,B,IT,First,Father,70,98,7,5,Yes,Good,Under-7,80
Male,India,HighSchool,G-12,C,IT,First,Father,0,6,4,15,Yes,Bad,Under-7,56
"Male,",India,HighSchool,G-12,B,IT,First,Father,12,30,0,17,No,Good,Above-7,60
"Female,",India,HighSchool,G-12,C,IT,First,Father,2,9,7,55,Yes,Good,Under-7,76
Male,India,HighSchool,G-12,B,IT,First,Father,55,33,6,9,No,Bad,Above-7,54
Male,India,HighSchool,G-12,C,IT,First,Father,12,10,20,16,No,Bad,Under-7,62
Male,India,HighSchool,G-12,B,IT,First,Father,70,90,2,2,Yes,Good,Under-7,50
Female,India,HighSchool,G-12,C,IT,First,Father,7,9,5,30,No,Bad,Above-7,67
"Male,",India,HighSchool,G-12,C,IT,First,Father,80,42,20,50,Yes,Good,Under-7,85
"Male,",India,HighSchool,G-12,C,IT,Second,Father,0,3,10,3,No,Bad,Above-7,51
"Male,",India,HighSchool,G-12,A,IT,Second,Father,12,60,0,70,Yes,Good,Above-7,57
"Male,",India,HighSchool,G-12,A,Quran,Second,Father,80,80,15,70,Yes,Good,Under-7,90
"Female,",India,HighSchool,G-12,A,Quran,Second,mom,70,80,95,70,Yes,Good,Under-7,97
"Female,",India,HighSchool,G-12,A,Quran,Second,mom,70,80,95,70,Yes,Good,Under-7,100
"Female,",India,HighSchool,G-12,A,Quran,First,mom,60,80,50,40,No,Bad,Under-7,82
"Female,",India,HighSchool,G-12,A,Quran,First,mom,100,80,95,90,No,Bad,Under-7,91
"Male,",India,HighSchool,G-12,A,Quran,First,mom,100,85,85,70,No,Bad,Under-7,87
"Male,",India,HighSchool,G-12,A,Quran,First,Father,10,60,5,20,Yes,Bad,Above-7,58
"Male,",India,HighSchool,G-12,A,Quran,Second,Father,19,65,50,10,No,Bad,Above-7,51
"Male,",India,HighSchool,G-12,A,Quran,Second,Father,10,75,55,11,Yes,Good,Under-7,80
"Male,",India,HighSchool,G-12,A,Quran,Second,Father,80,90,55,19,Yes,Good,Under-7,90
"Male,",India,HighSchool,G-12,A,Quran,Second,Father,10,10,15,19,No,Bad,Above-7,62
"Male,",India,HighSchool,G-12,A,Quran,Second,Father,70,75,55,11,Yes,Bad,Under-7,84
"Female,",India,HighSchool,G-12,A,Quran,Second,mom,100,75,50,70,Yes,Good,Under-7,93
"Female,",India,HighSchool,G-12,A,Quran,Second,Father,10,79,30,30,No,Bad,Under-7,87
"Female,",India,HighSchool,G-12,A,Quran,Second,Father,60,55,30,40,No,Bad,Under-7,82
"Female,",India,HighSchool,G-12,A,Quran,Second,mom,100,75,50,70,Yes,Bad,Under-7,99
"Male,",India,HighSchool,G-12,A,Quran,Second,Father,80,80,51,59,Yes,Good,Under-7,90
"Male,",India,HighSchool,G-12,A,Science,Second,Father,23,63,71,89,Yes,Good,Under-7,83
"Female,",India,HighSchool,G-12,B,Science,Second,Father,100,91,98,40,Yes,Bad,Under-7,94
"Male,",India,HighSchool,G-12,B,Spanish,Second,Father,10,51,40,40,No,Bad,Above-7,51
"Male,",India,HighSchool,G-12,B,English,Second,Father,70,50,33,41,No,Bad,Above-7,81
"Male,",India,HighSchool,G-12,B,Math,Second,Father,70,58,73,91,Yes,Bad,Under-7,94
"Female,",India,HighSchool,G-12,B,French,Second,Father,70,50,30,49,Yes,Good,Under-7,84
"Male,",India,HighSchool,G-12,B,Science,Second,Father,70,50,33,40,No,Good,Under-7,80
"Male,",India,HighSchool,G-12,B,Science,Second,Father,22,51,48,10,No,Bad,Above-7,53
"Female,",India,HighSchool,G-12,B,Science,Second,Father,62,68,48,80,Yes,Good,Under-7,82
"Female,",India,HighSchool,G-12,B,Science,Second,mom,82,89,58,50,Yes,Good,Under-7,98
"Male,",India,HighSchool,G-12,B,Science,Second,mom,72,80,58,66,No,Bad,Under-7,86
Female,India,HighSchool,G-12,B,French,Second,mom,70,82,3,73,No,Bad,Under-7,97
"Female,",India,HighSchool,G-12,B,French,Second,mom,60,82,93,43,No,Bad,Above-7,87
"Male,",India,HighSchool,G-12,B,French,Second,mom,55,72,83,14,Yes,Good,Above-7,80
"Female,",India,HighSchool,G-12,B,French,Second,mom,72,65,73,66,Yes,Good,Under-7,93
"Male,",India,HighSchool,G-12,B,French,Second,mom,51,82,53,43,No,Bad,Under-7,88
"Male,",India,HighSchool,G-12,B,French,Second,mom,80,92,83,43,Yes,Good,Under-7,94
"Male,",India,HighSchool,G-12,B,French,Second,mom,60,52,23,33,Yes,Good,Under-7,97
"Male,",India,HighSchool,G-12,B,French,Second,mom,30,12,29,23,No,Bad,Under-7,80
"Male,",India,HighSchool,G-12,B,French,Second,Father,40,62,83,33,Yes,Good,Under-7,100
"Male,",India,HighSchool,G-12,B,French,Second,mom,60,52,23,33,No,Good,Under-7,81
"Male,",India,HighSchool,G-12,B,French,Second,mom,20,22,53,13,No,Good,Above-7,54
"Male,",India,HighSchool,G-12,B,French,Second,mom,20,52,23,33,Yes,Good,Above-7,63
"Female,",India,HighSchool,G-12,B,French,Second,Father,50,62,73,43,Yes,Bad,Above-7,87
"Male,",India,HighSchool,G-12,B,French,Second,Father,10,2,13,53,No,Bad,Above-7,60
"Male,",India,HighSchool,G-12,B,French,Second,mom,60,52,23,33,Yes,Bad,Under-7,96
"Female,",India,HighSchool,G-12,B,French,Second,mom,15,52,83,11,Yes,Bad,Under-7,83
"Female,",India,HighSchool,G-12,B,French,Second,mom,80,42,33,13,Yes,Bad,Under-7,96
"Male,",India,HighSchool,G-12,B,French,Second,mom,40,51,20,33,No,Bad,Under-7,82
"Female,",India,HighSchool,G-12,B,French,Second,Father,60,70,63,93,Yes,Bad,Under-7,99
"Male,",India,HighSchool,G-12,B,French,Second,Father,50,62,13,33,No,Bad,Above-7,51
"Male,",India,HighSchool,G-12,A,Arabic,Second,mom,85,75,62,53,Yes,Bad,Under-7,97
"Female,",India,HighSchool,G-12,A,Arabic,Second,Father,25,15,32,53,No,Bad,Under-7,89
"Male,",India,HighSchool,G-12,A,Arabic,Second,mom,10,35,30,13,No,Bad,Above-7,52
"Male,",India,HighSchool,G-12,A,Arabic,Second,mom,87,65,82,33,Yes,Good,Under-7,91
"Male,",India,HighSchool,G-12,A,Arabic,Second,mom,85,15,22,53,Yes,Good,Under-7,84
"Female,",India,HighSchool,G-12,A,Arabic,Second,Father,80,71,52,51,Yes,Good,Under-7,80
"Male,",India,HighSchool,G-12,A,Arabic,Second,mom,75,71,72,53,Yes,Good,Under-7,97
"Female,",India,HighSchool,G-12,A,Arabic,Second,Father,85,66,12,23,No,Bad,Under-7,87
"Male,",India,HighSchool,G-12,A,Arabic,Second,Father,23,25,32,53,No,Bad,Under-7,55
"Male,",India,HighSchool,G-12,A,Arabic,Second,Father,15,25,37,13,Yes,Good,Above-7,62
"Male,",India,HighSchool,G-12,A,Arabic,Second,mom,95,91,62,53,Yes,Good,Under-7,87
"Male,",India,HighSchool,G-12,A,Arabic,Second,mom,81,75,62,53,No,Bad,Under-7,79
"Male,",India,HighSchool,G-12,A,Arabic,Second,mom,53,75,72,23,No,Bad,Under-7,75
"Male,",India,HighSchool,G-12,A,Arabic,Second,Father,15,43,42,33,Yes,Good,Under-7,83
"Male,",India,HighSchool,G-12,A,Arabic,Second,mom,92,65,62,53,Yes,Good,Under-7,99
"Male,",India,HighSchool,G-12,A,Arabic,Second,mom,83,75,62,53,No,Bad,Under-7,91
"Male,",India,HighSchool,G-12,B,Arabic,Second,Father,27,15,42,53,No,Bad,Above-7,50
"Male,",India,HighSchool,G-12,B,Arabic,Second,Father,45,95,12,13,No,Bad,Under-7,87
"Male,",India,HighSchool,G-12,B,Arabic,Second,mom,15,90,52,83,Yes,Bad,Under-7,90
"Female,",India,HighSchool,G-12,A,Arabic,Second,mom,45,58,52,43,Yes,Good,Under-7,93
"Male,",India,HighSchool,G-12,B,Arabic,Second,Father,25,5,12,33,Yes,Good,Under-7,79
Female,India,HighSchool,G-12,B,Arabic,Second,Father,22,51,42,40,Yes,Bad,Under-7,75
"Male,",India,HighSchool,G-12,B,Arabic,Second,Father,29,10,12,24,No,Bad,Above-7,53
"Female,",India,HighSchool,G-12,B,Arabic,Second,mom,72,51,42,24,Yes,Bad,Above-7,91
"Male,",India,HighSchool,G-12,B,Arabic,Second,Father,67,31,42,14,Yes,Good,Under-7,78
"Male,",India,HighSchool,G-12,C,Spanish,Second,Father,17,21,42,14,Yes,Good,Under-7,80
"Male,",India,HighSchool,G-12,C,Spanish,Second,mom,27,41,49,14,No,Bad,Under-7,71
"Male,",India,HighSchool,G-12,C,Spanish,Second,Father,70,81,39,84,No,Bad,Under-7,88
Male,India,HighSchool,G-12,C,Spanish,Second,mom,27,90,82,14,Yes,Good,Under-7,100
"Male,",India,HighSchool,G-12,C,Spanish,Second,Father,17,61,42,14,No,Bad,Under-7,79
"Male,",India,HighSchool,G-12,C,Spanish,Second,mom,87,81,42,19,Yes,Good,Under-7,90
"Male,",India,HighSchool,G-12,C,Spanish,Second,Father,7,61,22,14,No,Bad,Above-7,54
"Male,",India,HighSchool,G-12,C,Spanish,Second,Father,17,50,2,4,No,Bad,Above-7,63
"Male,",India,HighSchool,G-12,C,Spanish,Second,Father,5,21,42,14,No,Good,Above-7,61
"Male,",India,HighSchool,G-12,C,Spanish,Second,mom,27,41,32,61,Yes,Bad,Above-7,80
"Female,",India,HighSchool,G-12,C,Spanish,Second,Father,87,88,40,10,Yes,Good,Under-7,84
"Male,",India,HighSchool,G-12,C,Spanish,Second,mom,96,61,42,94,Yes,Bad,Under-7,100
"Male,",India,HighSchool,G-12,C,Spanish,Second,mom,57,51,46,34,Yes,Good,Under-7,79
"Male,",India,HighSchool,G-12,C,Spanish,Second,Father,77,69,41,13,Yes,Good,Under-7,85
"Male,",India,HighSchool,G-12,C,Spanish,Second,Father,80,51,40,24,No,Good,Under-7,79
"Male,",India,HighSchool,G-12,B,Spanish,Second,Father,62,61,82,40,Yes,Bad,Under-7,81
"Male,",India,HighSchool,G-12,A,Spanish,Second,mom,72,83,12,90,Yes,Good,Under-7,92
"Male,",India,HighSchool,G-12,B,Spanish,Second,mom,87,81,22,70,Yes,Bad,Under-7,97
"Male,",India,HighSchool,G-12,A,Spanish,Second,mom,72,90,12,30,No,Bad,Under-7,85
"Male,",India,HighSchool,G-12,B,Spanish,Second,Father,2,11,62,30,No,Bad,Under-7,51
"Male,",India,HighSchool,G-12,A,Spanish,Second,Father,5,3,2,10,Yes,Good,Under-7,63
"Male,",India,HighSchool,G-12,B,Math,Second,mom,73,84,77,81,Yes,Good,Above-7,99
"Male,",India,HighSchool,G-12,A,Spanish,Second,Father,5,17,21,10,No,Bad,Above-7,59
Male,India,HighSchool,G-12,A,Spanish,Second,mom,51,42,12,29,No,Bad,Above-7,75
"Male,",India,HighSchool,G-12,A,Spanish,Second,Father,9,7,21,20,Yes,Good,Above-7,57
"Male,",India,HighSchool,G-12,A,Quran,First,Father,19,72,15,50,Yes,Good,Above-7,81
"Female,",India,HighSchool,G-12,B,Science,Second,mom,32,80,58,46,Yes,Good,Above-7,75
"Male,",India,HighSchool,G-12,B,Science,Second,mom,32,60,58,66,Yes,Good,Above-7,77
"Male,",India,HighSchool,G-12,B,Science,Second,Father,12,8,18,26,No,Bad,Above-7,59
"Male,",India,HighSchool,G-12,B,Science,Second,Father,52,10,13,6,No,Bad,Above-7,67
"Male,",India,HighSchool,G-12,B,Science,Second,Father,72,80,58,66,Yes,Good,Above-7,80
Female,India,HighSchool,G-12,B,Science,Second,mom,72,80,58,66,Yes,Good,Above-7,87
"Male,",India,HighSchool,G-12,B,Science,Second,mom,92,80,88,76,Yes,Good,Under-7,90
"Male,",India,HighSchool,G-12,B,Science,Second,mom,72,80,98,96,Yes,Bad,Under-7,94
"Male,",India,HighSchool,G-12,B,Science,Second,Father,72,80,58,86,Yes,Good,Under-7,86
"Male,",India,HighSchool,G-12,B,Science,Second,Father,22,20,18,6,No,Bad,Above-7,51
"Male,",India,HighSchool,G-12,B,Science,Second,Father,12,20,38,46,No,Bad,Above-7,78
"Male,",India,HighSchool,G-12,B,IT,Second,mom,70,92,83,85,Yes,Bad,Under-7,90
"Female,",India,HighSchool,G-12,A,IT,Second,Father,50,40,52,66,Yes,Bad,Under-7,75
"Female,",India,HighSchool,G-12,A,Science,Second,Father,80,94,62,77,Yes,Good,Under-7,97
"Female,",India,HighSchool,G-12,A,Math,Second,Father,87,48,82,96,No,Bad,Above-7,83
Female,India,HighSchool,G-12,A,Quran,Second,Father,70,40,2,16,No,Bad,Above-7,57
"Male,",India,HighSchool,G-12,A,IT,Second,Father,65,86,62,40,No,Good,Above-7,84
"Male,",India,HighSchool,G-12,A,Math,Second,Father,15,6,32,40,Yes,Good,Under-7,99
"Male,",India,HighSchool,G-12,A,English,Second,mom,19,74,32,17,No,Good,Above-7,50
"Female,",India,HighSchool,G-12,A,Science,Second,Father,69,76,82,94,No,Bad,Under-7,78
"Male,",India,HighSchool,G-12,A,Arabic,Second,Father,39,26,12,44,No,Bad,Above-7,67
"Male,",India,HighSchool,G-12,A,English,Second,Father,59,97,42,70,Yes,Good,Under-7,94
"Male,",India,HighSchool,G-12,A,History,Second,Father,10,17,12,40,Yes,Good,Under-7,98
"Female,",India,HighSchool,G-12,A,History,Second,mom,80,87,72,60,No,Good,Under-7,90
"Female,",India,HighSchool,G-12,A,History,Second,Father,70,99,66,65,No,Good,Under-7,79
"Female,",India,HighSchool,G-12,A,History,Second,Father,80,97,86,95,Yes,Good,Under-7,74
"Male,",India,HighSchool,G-12,A,English,Second,mom,69,34,12,17,No,Bad,Above-7,50
"Male,",India,HighSchool,G-12,A,History,Second,Father,10,17,12,14,No,Bad,Above-7,63
"Male,",India,HighSchool,G-12,A,History,Second,Father,61,97,82,64,Yes,Bad,Above-7,75
"Female,",India,HighSchool,G-12,A,History,Second,mom,21,27,52,34,Yes,Good,Above-7,80
"Male,",India,HighSchool,G-12,A,Math,Second,mom,49,94,42,7,No,Bad,Above-7,83
"Female,",India,HighSchool,G-12,A,English,First,mom,70,64,42,32,No,Bad,Under-7,89
"Female,",India,HighSchool,G-12,A,English,Second,mom,79,84,82,37,No,Bad,Under-7,90
"Male,",India,HighSchool,G-12,A,English,First,Father,19,80,12,17,Yes,Good,Above-7,82
"Male,",India,HighSchool,G-12,A,English,Second,Father,11,70,32,29,Yes,Good,Above-7,87
"Male,",India,HighSchool,G-12,A,English,First,Father,10,8,10,10,Yes,Bad,Above-7,77
"Male,",India,HighSchool,G-12,A,English,Second,Father,18,28,40,20,Yes,Bad,Above-7,70
"Female,",India,HighSchool,G-12,A,English,First,mom,90,84,52,30,No,Good,Under-7,90
"Female,",India,HighSchool,G-12,A,English,Second,mom,92,81,32,36,No,Good,Under-7,78
"Male,",India,HighSchool,G-12,A,English,First,Father,42,21,2,16,No,Bad,Under-7,71
"Male,",India,HighSchool,G-12,A,English,Second,Father,22,20,6,26,No,Bad,Under-7,91
"Female,",India,HighSchool,G-12,A,English,First,mom,95,82,82,70,Yes,Good,Under-7,90
"Female,",India,HighSchool,G-12,A,English,Second,mom,90,62,80,60,Yes,Good,Under-7,96
"Male,",India,HighSchool,G-12,A,English,First,mom,72,21,22,26,Yes,Good,Under-7,98
"Male,",India,HighSchool,G-12,A,English,Second,mom,92,31,42,27,Yes,Good,Under-7,100
"Male,",India,HighSchool,G-12,A,English,First,mom,82,31,52,25,No,Good,Under-7,83
"Male,",India,HighSchool,G-12,A,English,Second,mom,72,41,46,27,No,Good,Under-7,87
"Male,",India,HighSchool,G-12,A,English,First,mom,74,71,56,37,No,Good,Under-7,93
"Male,",India,HighSchool,G-12,A,English,Second,mom,74,60,56,37,No,Good,Under-7,97
"Female,",India,HighSchool,G-12,A,English,First,mom,95,94,72,80,No,Good,Under-7,90
"Female,",India,HighSchool,G-12,A,English,Second,mom,97,87,82,86,No,Good,Under-7,91
"Male,",India,HighSchool,G-12,A,English,First,Father,40,38,32,36,No,Bad,Above-7,75
"Male,",India,HighSchool,G-12,A,English,Second,Father,41,39,35,39,Yes,Bad,Above-7,72
"Female,",India,HighSchool,G-12,A,English,First,mom,51,79,85,89,Yes,Good,Under-7,96
"Female,",India,HighSchool,G-12,A,English,Second,mom,81,79,91,85,Yes,Good,Under-7,95
"Male,",India,HighSchool,G-12,A,English,First,mom,71,70,65,69,Yes,Good,Under-7,88
"Male,",India,HighSchool,G-12,A,English,Second,mom,75,71,76,80,Yes,Good,Under-7,83
"Female,",India,HighSchool,G-12,A,Science,First,Father,49,36,32,44,No,Bad,Above-7,56
"Female,",India,HighSchool,G-12,A,Science,Second,Father,42,24,12,24,No,Bad,Above-7,54
"Female,",India,HighSchool,G-12,A,Science,First,mom,90,86,82,74,Yes,Good,Under-7,94
"Female,",India,HighSchool,G-12,A,Science,Second,mom,62,64,72,84,Yes,Good,Under-7,97
"Male,",India,HighSchool,G-12,A,Science,First,Father,90,86,82,74,Yes,Good,Above-7,83
"Male,",India,HighSchool,G-12,A,Science,Second,Father,62,64,72,84,Yes,Good,Above-7,84
"Female,",India,HighSchool,G-12,A,Science,First,mom,98,87,86,84,No,Good,Under-7,93
"Female,",India,HighSchool,G-12,A,Science,Second,mom,72,74,82,89,No,Good,Under-7,99
"Male,",India,HighSchool,G-12,A,Science,First,Father,18,17,26,34,No,Good,Above-7,75
"Male,",India,HighSchool,G-12,A,Science,Second,Father,32,14,32,29,No,Good,Above-7,81
"Male,",India,HighSchool,G-12,A,Science,First,Father,10,12,20,13,No,Bad,Above-7,51
"Male,",India,HighSchool,G-12,A,Science,Second,Father,22,34,15,9,No,Bad,Above-7,56
Female,India,HighSchool,G-12,B,Science,First,mom,11,20,21,23,No,Bad,Under-7,80
"Female,",India,HighSchool,G-12,B,Science,Second,mom,12,44,25,39,No,Bad,Under-7,88
"Female,",India,HighSchool,G-12,B,Science,First,Father,15,50,24,43,Yes,Bad,Under-7,70
"Female,",India,HighSchool,G-12,B,Science,Second,Father,32,44,29,89,Yes,Bad,Under-7,75
"Male,",India,HighSchool,G-12,B,Science,First,mom,65,59,74,83,Yes,Good,Under-7,90
Male,India,HighSchool,G-12,B,Science,Second,mom,72,64,59,89,Yes,Good,Under-7,99
Male,India,HighSchool,G-12,B,Science,First,mom,95,57,74,89,Yes,Good,Above-7,72
Male,India,HighSchool,G-12,B,Science,Second,mom,82,84,79,79,Yes,Good,Above-7,77
"Male,",India,HighSchool,G-12,B,Science,First,Father,25,29,34,33,No,Good,Above-7,87
Male,India,HighSchool,G-12,B,Science,Second,Father,42,34,29,39,No,Good,Above-7,71
Female,India,HighSchool,G-12,B,Science,First,mom,55,79,44,43,Yes,Good,Under-7,98
Female,India,HighSchool,G-12,B,Science,Second,mom,62,64,69,49,Yes,Good,Under-7,91
"Female,",India,HighSchool,G-12,B,Science,First,mom,78,88,74,83,Yes,Good,Under-7,93
"Female,",India,HighSchool,G-12,B,Science,Second,mom,72,84,89,89,Yes,Good,Under-7,99
Male,India,HighSchool,G-12,A,French,First,mom,60,92,83,23,Yes,Good,Under-7,94
"Male,",India,HighSchool,G-12,A,French,Second,mom,50,90,83,13,Yes,Good,Under-7,94
"Female,",India,HighSchool,G-12,A,French,First,mom,60,97,13,3,Yes,Good,Under-7,99
"Female,",India,HighSchool,G-12,A,French,Second,mom,50,95,23,10,Yes,Good,Under-7,90
"Female,",India,HighSchool,G-12,A,French,First,mom,60,87,23,11,Yes,Good,Above-7,71
"Female,",India,HighSchool,G-12,A,French,Second,mom,50,80,20,15,Yes,Good,Above-7,74
"Male,",India,HighSchool,G-12,A,French,First,Father,10,15,10,21,No,Bad,Above-7,57
"Male,",India,HighSchool,G-12,A,French,Second,Father,30,10,20,5,No,Bad,Above-7,66
"Male,",India,HighSchool,G-12,A,French,First,Father,24,35,18,31,No,Bad,Under-7,81
"Male,",India,HighSchool,G-12,A,French,Second,Father,27,20,33,35,No,Bad,Under-7,88
"Male,",India,HighSchool,G-12,A,French,First,Father,10,15,10,21,No,Bad,Above-7,51
"Male,",India,HighSchool,G-12,A,French,Second,Father,30,10,20,5,No,Bad,Above-7,59
"Female,",India,HighSchool,G-12,A,French,First,mom,80,77,63,83,Yes,Good,Under-7,77
"Female,",India,HighSchool,G-12,A,French,Second,mom,75,85,73,80,Yes,Good,Under-7,74
"Male,",India,HighSchool,G-12,A,French,First,Father,40,7,50,41,No,Good,Above-7,55
"Male,",India,HighSchool,G-12,A,French,Second,Father,35,2,29,33,No,Good,Above-7,61
"Female,",India,HighSchool,G-12,A,French,F,mom,10,90,30,21,No,Good,Under-7,87
"Female,",India,HighSchool,G-12,A,French,Second,mom,25,80,29,23,No,Good,Under-7,79
"Male,",India,HighSchool,G-12,A,French,First,mom,10,8,9,3,No,Good,Above-7,65
"Male,",India,HighSchool,G-12,A,French,Second,mom,15,7,12,7,No,Good,Above-7,59
"Female,",India,HighSchool,G-12,A,French,First,mom,70,90,20,21,No,Good,Under-7,75
"Female,",India,HighSchool,G-12,A,French,Second,mom,75,80,15,20,No,Good,Under-7,81
"Female,",India,HighSchool,G-12,B,French,First,Father,78,98,10,11,No,Good,Under-7,84
"Female,",India,HighSchool,G-12,B,French,Second,Father,79,89,11,14,No,Good,Under-7,88
"Female,",India,HighSchool,G-12,B,French,First,Father,16,90,15,11,No,Good,Under-7,74
"Female,",India,HighSchool,G-12,B,French,Second,Father,17,80,13,10,No,Good,Under-7,71
"Male,",India,HighSchool,G-12,B,French,First,mom,40,87,50,41,No,Bad,Under-7,81
"Male,",India,HighSchool,G-12,B,French,Second,mom,35,92,29,33,No,Bad,Under-7,87
"Female,",India,HighSchool,G-12,B,French,First,mom,14,97,15,14,No,Good,Under-7,97
Female,India,HighSchool,G-12,B,French,First,mom,13,82,20,30,No,Good,Under-7,92
Female,India,HighSchool,G-12,B,French,Second,mom,24,97,15,14,No,Good,Under-7,93
Female,India,HighSchool,G-12,B,French,Second,mom,23,82,20,30,No,Good,Under-7,92
Male,India,HighSchool,G-12,B,French,First,mom,20,3,9,3,No,Good,Above-7,51
Male,India,HighSchool,G-12,B,French,Second,mom,15,4,12,7,No,Good,Above-7,54
Male,India,HighSchool,G-12,B,French,First,mom,5,13,6,6,No,Good,Above-7,61
Male,India,HighSchool,G-12,B,French,Second,mom,7,9,11,10,No,Good,Above-7,57
Female,India,HighSchool,G-12,B,French,First,mom,10,94,40,11,Yes,Good,Under-7,81
Female,India,HighSchool,G-12,B,French,Second,mom,25,89,21,13,Yes,Good,Under-7,72
Male,India,HighSchool,G-12,B,French,First,mom,30,98,42,21,Yes,Good,Under-7,90
Male,India,HighSchool,G-12,B,French,Second,mom,35,97,41,23,Yes,Good,Under-7,96
Male,India,HighSchool,G-12,B,French,First,Father,32,88,32,25,Yes,Good,Under-7,71
Male,India,HighSchool,G-12,B,French,Second,Father,25,87,21,27,Yes,Good,Under-7,85
Female,India,HighSchool,G-12,B,French,First,mom,72,98,52,15,Yes,Good,Under-7,93
Female,India,HighSchool,G-12,B,French,Second,mom,75,90,51,17,Yes,Good,Under-7,90
Male,India,HighSchool,G-12,A,Arabic,First,Father,20,88,31,28,Yes,Good,Above-7,83
Male,India,HighSchool,G-12,A,Arabic,Second,Father,10,98,41,38,Yes,Good,Above-7,71
Male,India,HighSchool,G-12,A,Arabic,First,Father,90,98,41,38,Yes,Good,Under-7,98
Male,India,HighSchool,G-12,A,Arabic,Second,Father,80,88,51,39,Yes,Good,Under-7,95
Male,India,HighSchool,G-12,A,Arabic,First,Father,80,95,21,28,Yes,Good,Under-7,93
Male,India,HighSchool,G-12,A,Arabic,Second,Father,78,70,31,29,Yes,Good,Under-7,91
Male,India,HighSchool,G-12,A,Arabic,First,Father,10,18,71,38,Yes,Good,Above-7,70
Male,India,HighSchool,G-12,A,Arabic,Second,Father,10,58,51,48,Yes,Good,Above-7,84
Female,India,HighSchool,G-12,A,Arabic,First,mom,98,88,60,31,No,Good,Under-7,91
Female,India,HighSchool,G-12,A,Arabic,Second,mom,75,81,51,34,No,Good,Under-7,100
Male,India,HighSchool,G-12,A,Arabic,First,Father,10,17,50,21,No,Bad,Under-7,83
Male,India,HighSchool,G-12,A,Arabic,Second,Father,35,2,29,23,No,Bad,Under-7,71
Female,India,HighSchool,G-12,A,Arabic,First,Father,10,20,22,97,No,Bad,Above-7,57
Female,India,HighSchool,G-12,A,Arabic,Second,Father,5,9,19,98,No,Bad,Above-7,60
Male,India,HighSchool,G-12,B,Arabic,First,Father,10,10,40,51,No,Bad,Above-7,52
Male,India,HighSchool,G-12,B,Arabic,Second,Father,35,2,29,23,No,Bad,Above-7,63
Male,India,HighSchool,G-12,B,Arabic,First,mom,20,90,50,61,Yes,Bad,Above-7,80
Male,India,HighSchool,G-12,B,Arabic,Second,mom,32,82,59,63,Yes,Bad,Above-7,72
Male,India,HighSchool,G-12,B,Arabic,First,Father,10,30,50,91,Yes,Bad,Above-7,51
Male,India,HighSchool,G-12,B,Arabic,Second,Father,12,22,59,83,Yes,Bad,Above-7,66
Female,India,HighSchool,G-12,B,Arabic,First,Father,11,20,20,98,No,Bad,Above-7,50
Female,India,HighSchool,G-12,B,Arabic,Second,Father,10,12,29,93,No,Bad,Above-7,67
Male,India,HighSchool,G-12,B,Arabic,First,mom,69,82,20,28,Yes,Good,Under-7,97
Male,India,HighSchool,G-12,B,Arabic,Second,mom,70,83,29,33,Yes,Good,Under-7,93
Female,India,HighSchool,G-12,B,Arabic,First,mom,89,92,40,28,Yes,Good,Under-7,90
Female,India,HighSchool,G-12,B,Arabic,Second,mom,79,93,49,23,Yes,Good,Under-7,94
Male,India,HighSchool,G-12,B,Arabic,First,mom,15,90,21,97,Yes,Good,Under-7,75
Male,India,HighSchool,G-12,B,Arabic,Second,mom,20,77,31,88,Yes,Good,Under-7,81
Male,India,HighSchool,G-12,B,Arabic,First,mom,4,10,11,7,No,Good,Above-7,55
Male,India,HighSchool,G-12,B,Arabic,Second,mom,5,0,1,8,No,Good,Above-7,65
Female,India,HighSchool,G-12,A,Biology,First,mom,88,81,50,10,Yes,Good,Above-7,79
Female,India,HighSchool,G-12,A,Biology,Second,mom,90,88,54,12,Yes,Good,Above-7,73
Female,India,HighSchool,G-12,A,Biology,First,mom,86,98,50,20,Yes,Good,Under-7,90
Female,India,HighSchool,G-12,A,Biology,Second,mom,90,90,57,22,Yes,Good,Under-7,93
Male,India,HighSchool,G-12,A,Biology,First,mom,78,91,50,40,Yes,Good,Under-7,98
Male,India,HighSchool,G-12,A,Biology,Second,mom,70,98,54,72,Yes,Good,Under-7,91
Male,India,HighSchool,G-12,A,Biology,First,Father,80,80,46,61,Yes,Bad,Under-7,77
Male,India,HighSchool,G-12,A,Biology,Second,Father,85,82,59,63,Yes,Bad,Under-7,71
Male,India,HighSchool,G-12,A,Biology,First,Father,88,90,86,81,Yes,Good,Under-7,90
Male,India,HighSchool,G-12,A,Biology,Second,Father,89,92,89,83,Yes,Good,Under-7,96
Male,India,HighSchool,G-12,A,Biology,First,Father,39,71,40,26,No,Good,Above-7,80
Male,India,HighSchool,G-12,A,Biology,Second,Father,35,80,34,22,No,Good,Above-7,77
Male,India,HighSchool,G-12,A,Biology,First,Father,76,81,80,86,No,Good,Under-7,97
Male,India,HighSchool,G-12,A,Biology,Second,Father,65,89,64,82,No,Good,Under-7,90
Female,India,HighSchool,G-12,A,Biology,First,mom,96,95,70,70,Yes,Good,Under-7,92
Female,India,HighSchool,G-12,A,Biology,Second,mom,80,91,87,72,Yes,Good,Under-7,99
Male,India,HighSchool,G-12,A,Biology,First,mom,2,9,10,1,No,Bad,Above-7,51
Male,India,HighSchool,G-12,A,Biology,Second,mom,3,8,19,3,No,Bad,Above-7,65
Male,India,HighSchool,G-12,B,Biology,First,Father,50,79,10,31,No,Bad,Under-7,80
Male,India,HighSchool,G-12,B,Biology,Second,Father,53,88,9,33,No,Bad,Under-7,71
Female,India,HighSchool,G-12,B,Biology,First,mom,70,89,12,21,No,Good,Under-7,90
Female,India,HighSchool,G-12,B,Biology,Second,mom,59,90,19,43,No,Good,Under-7,98
Male,India,HighSchool,G-12,B,Biology,First,Father,78,80,66,51,Yes,Good,Under-7,77
Male,India,HighSchool,G-12,B,Biology,Second,Father,79,72,79,83,Yes,Good,Under-7,70
Female,India,HighSchool,G-12,B,Biology,First,mom,10,9,2,1,No,Good,Above-7,60
Female,India,HighSchool,G-12,B,Biology,Second,mom,9,7,9,3,No,Good,Above-7,60
Male,India,HighSchool,G-12,B,Biology,First,Father,98,90,86,71,Yes,Good,Under-7,90
Male,India,HighSchool,G-12,B,Biology,Second,Father,89,92,89,83,Yes,Good,Under-7,97
Male,India,HighSchool,G-12,B,Biology,First,Father,88,90,76,81,Yes,Good,Under-7,92
Male,India,HighSchool,G-12,B,Biology,Second,Father,99,96,89,84,Yes,Good,Under-7,90
Female,India,HighSchool,G-12,A,Chemistry,First,mom,82,89,22,31,Yes,Good,Under-7,90
Female,India,HighSchool,G-12,A,Chemistry,Second,mom,84,92,29,43,Yes,Good,Under-7,96
Female,India,HighSchool,G-12,A,Geology,First,mom,70,69,46,45,Yes,Good,Above-7,78
Female,India,HighSchool,G-12,A,Geology,Second,mom,74,62,49,43,Yes,Good,Above-7,80
Female,India,HighSchool,G-12,A,Geology,First,mom,90,79,76,79,Yes,Good,Under-7,90
Female,India,HighSchool,G-12,A,Geology,Second,mom,84,77,79,68,Yes,Good,Under-7,99
Male,India,HighSchool,G-12,A,Chemistry,First,mom,80,80,62,11,Yes,Good,Above-7,89
Male,India,HighSchool,G-12,A,Chemistry,Second,mom,81,82,69,13,Yes,Good,Above-7,80
Male,India,HighSchool,G-12,A,Chemistry,First,Father,10,0,2,41,No,Bad,Above-7,58
Male,India,HighSchool,G-12,A,Chemistry,Second,Father,11,2,9,49,No,Bad,Above-7,60
Male,India,HighSchool,G-12,A,Geology,First,Father,85,89,22,61,No,Bad,Under-7,90
Male,India,HighSchool,G-12,A,Geology,Second,Father,80,89,23,68,No,Bad,Under-7,99
Male,India,HighSchool,G-12,A,Geology,First,Father,95,87,62,81,No,Bad,Under-7,79
Male,India,HighSchool,G-12,A,Geology,Second,Father,87,79,73,98,No,Bad,Under-7,87
Male,India,HighSchool,G-12,A,Chemistry,First,mom,85,87,72,10,Yes,Good,Above-7,70
Male,India,HighSchool,G-12,A,Chemistry,Second,mom,79,88,79,20,Yes,Good,Above-7,75
Male,India,HighSchool,G-12,A,Geology,First,mom,80,81,71,30,Yes,Good,Under-7,80
Male,India,HighSchool,G-12,A,Geology,Second,mom,70,83,70,23,Yes,Good,Under-7,82
Male,India,HighSchool,G-12,A,Chemistry,First,mom,80,82,76,19,Yes,Good,Under-7,85
Male,India,HighSchool,G-12,A,Chemistry,Second,mom,70,82,75,29,Yes,Good,Under-7,88
Male,India,HighSchool,G-12,A,Geology,First,mom,89,87,86,15,Yes,Good,Under-7,74
Male,India,HighSchool,G-12,A,Geology,Second,mom,90,86,85,10,Yes,Good,Under-7,81
Male,India,HighSchool,G-12,A,History,First,mom,69,77,76,75,Yes,Good,Above-7,88
Male,India,HighSchool,G-12,A,History,Second,mom,70,76,65,70,Yes,Good,Above-7,70
Male,India,HighSchool,G-12,A,Chemistry,First,mom,75,72,64,39,Yes,Good,Above-7,55
Male,India,HighSchool,G-12,A,Chemistry,Second,mom,72,76,66,40,Yes,Good,Above-7,50
Male,India,HighSchool,G-12,A,Geology,First,mom,77,82,74,79,Yes,Good,Under-7,89
Male,India,HighSchool,G-12,A,Geology,Second,mom,71,84,67,80,Yes,Good,Under-7,70
Male,India,HighSchool,G-12,A,History,First,mom,87,92,74,89,Yes,Good,Under-7,90
Male,India,HighSchool,G-12,A,History,Second,mom,81,84,77,85,Yes,Good,Under-7,97
Female,India,HighSchool,G-12,A,Chemistry,First,Father,15,97,22,10,Yes,Good,Under-7,93
Female,India,HighSchool,G-12,A,Chemistry,Second,Father,19,98,20,2,Yes,Good,Under-7,98
Female,India,HighSchool,G-12,A,Geology,First,Father,25,82,52,20,Yes,Good,Above-7,70
Female,India,HighSchool,G-12,A,Geology,Second,Father,29,78,40,12,Yes,Good,Above-7,82
Female,India,HighSchool,G-12,A,History,First,Father,45,87,57,80,Yes,Good,Under-7,87
Female,India,HighSchool,G-12,A,History,Second,Father,39,88,43,72,Yes,Good,Under-7,77
Female,India,HighSchool,G-12,A,Chemistry,First,Father,85,90,52,30,Yes,Good,Under-7,98
Female,India,HighSchool,G-12,A,Chemistry,Second,Father,79,91,49,22,Yes,Good,Under-7,94
Male,India,HighSchool,G-12,A,Chemistry,First,Father,90,91,80,81,Yes,Good,Under-7,95
Male,India,HighSchool,G-12,A,Chemistry,Second,Father,80,90,80,83,Yes,Good,Under-7,90
Male,India,HighSchool,G-12,A,Geology,First,Father,80,83,82,71,Yes,Good,Above-7,81
Male,India,HighSchool,G-12,A,Geology,Second,Father,71,81,83,72,Yes,Good,Above-7,84
Male,India,HighSchool,G-12,A,History,First,Father,72,87,72,89,Yes,Good,Above-7,75
Male,India,HighSchool,G-12,A,History,Second,Father,69,77,83,92,Yes,Good,Above-7,87
Female,India,HighSchool,G-12,A,Chemistry,First,mom,85,99,42,90,Yes,Good,Under-7,90
Female,India,HighSchool,G-12,A,Chemistry,Second,mom,89,96,45,92,Yes,Good,Under-7,93
Female,India,HighSchool,G-12,A,Geology,First,mom,80,82,64,58,Yes,Good,Under-7,94
Female,India,HighSchool,G-12,A,Geology,Second,mom,87,93,63,60,Yes,Good,Under-7,100
Female,India,HighSchool,G-12,A,Chemistry,First,Father,15,9,14,80,No,Bad,Above-7,56
Female,India,HighSchool,G-12,A,Chemistry,Second,Father,9,6,15,85,No,Bad,Above-7,50
Male,India,HighSchool,G-12,A,History,First,Father,81,86,86,41,Yes,Good,Under-7,88
Male,India,HighSchool,G-12,A,History,Second,Father,78,82,78,53,Yes,Good,Under-7,86
Male,India,HighSchool,G-12,A,Geology,First,Father,80,87,74,68,Yes,Good,Under-7,80
Male,India,HighSchool,G-12,A,Geology,Second,Father,85,88,79,70,Yes,Good,Under-7,78
Female,India,HighSchool,G-12,A,Chemistry,First,Father,2,7,4,8,No,Bad,Above-7,55
Female,India,HighSchool,G-12,A,Chemistry,Second,Father,5,4,5,8,No,Bad,Above-7,50
Female,India,HighSchool,G-12,A,Geology,First,Father,50,77,14,28,No,Bad,Under-7,70
Female,India,HighSchool,G-12,A,Geology,Second,Father,55,74,25,29,No,Bad,Under-7,80
Female,India,HighSchool,G-12,A,History,First,Father,30,17,14,57,No,Bad,Above-7,61
Female,India,HighSchool,G-12,A,History,Second,Father,35,14,23,62,No,Bad,Above-7,57